COUNTRY,GDP (BILLIONS),CODE
Philippines,30.2242591970696,PHL
Finland,30.2242591970696,FIN
Chile,30.2242591970696,CHL
Greece,30.2242591970696,GRC
Ireland,30.2242591970696,IRL
Pakistan,30.2242591970696,PAK
Iraq,30.2242591970696,IRQ
Portugal,30.2242591970696,PRT
Algeria,30.2242591970696,DZA
Kazakhstan,30.2242591970696,KAZ
Qatar,30.2242591970696,QAT
Venezuela,30.2242591970696,VEN
Peru,30.2242591970696,PER
Czech Republic,30.2242591970696,CZE
New Zealand,30.2242591970696,NZL
Romania,30.2242591970696,ROU
Vietnam,30.2242591970696,VNM
Bangladesh,30.2242591970696,BGD
Kuwait,30.2242591970696,KWT
Ukraine,30.2242591970696,UKR
Angola,131.4,AGO
Hungary,129.7,HUN
Morocco,112.6,MAR
Ecuador,100.5,ECU
Slovakia,99.75,SVK
Puerto Rico,93.52,PRI
Japan,80.6819306930693,JPN
Germany,80.6819306930693,DEU
United States,80.6819306930693,USA
China,80.6819306930693,CHN
Turkey,80.6819306930693,TUR
Indonesia,80.6819306930693,IDN
Mexico,80.6819306930693,MEX
Netherlands,80.6819306930693,NLD
Switzerland,80.6819306930693,CHE
Saudi Arabia,80.6819306930693,SAU
France,80.6819306930693,FRA
United Kingdom,80.6819306930693,GBR
Brazil,80.6819306930693,BRA
Italy,80.6819306930693,ITA
Russia,80.6819306930693,RUS
India,80.6819306930693,IND
Canada,80.6819306930693,CAN
Australia,80.6819306930693,AUS
"Korea, South",80.6819306930693,KOR
Spain,80.6819306930693,ESP
Oman,80.54,OMN
Azerbaijan,77.91,AZE
Cuba,77.15,CUB
Belarus,75.25,BLR
Sri Lanka,71.57,LKA
Sudan,70.03,SDN
Burma,65.29,MMR
Syria,64.7,SYR
Dominican Republic,64.05,DOM
Luxembourg,63.93,LUX
Uzbekistan,63.08,UZB
Kenya,62.72,KEN
Guatemala,58.3,GTM
Croatia,57.18,HRV
Uruguay,55.6,URY
Bulgaria,55.08,BGR
Macau,51.68,MAC
Costa Rica,50.46,CRI
Slovenia,49.93,SVN
Ethiopia,49.86,ETH
Libya,49.34,LBY
Tunisia,49.12,TUN
Lithuania,48.72,LTU
Lebanon,47.5,LBN
Sint Maarten,47.2855871973336,SXM
Israel,47.2855871973336,ISR
Malaysia,47.2855871973336,MYS
Singapore,47.2855871973336,SGP
Colombia,47.2855871973336,COL
Thailand,47.2855871973336,THA
Denmark,47.2855871973336,DNK
South Africa,47.2855871973336,ZAF
Sweden,47.2855871973336,SWE
Nigeria,47.2855871973336,NGA
Argentina,47.2855871973336,ARG
Poland,47.2855871973336,POL
Egypt,47.2855871973336,EGY
Hong Kong,47.2855871973336,HKG
Taiwan,47.2855871973336,TWN
Belgium,47.2855871973336,BEL
Norway,47.2855871973336,NOR
Austria,47.2855871973336,AUT
United Arab Emirates,47.2855871973336,ARE
Iran,47.2855871973336,IRN
Yemen,45.45,YEM
Panama,44.69,PAN
Turkmenistan,43.5,TKM
Serbia,42.65,SRB
Tanzania,36.62,TZA
Jordan,36.55,JOR
Ghana,35.48,GHA
Bolivia,34.08,BOL
Bahrain,34.05,BHR
Cote d'Ivoire,33.96,CIV
Latvia,32.82,LVA
"Congo, Democratic Republic of the",32.67,COD
Cameroon,32.16,CMR
Paraguay,31.3,PRY
Trinidad and Tobago,29.63,TTO
"Korea, North",28.0,PRK
Estonia,26.36,EST
Uganda,26.09,UGA
Zambia,25.61,ZMB
El Salvador,25.14,SLV
Afghanistan,21.71,AFG
Cyprus,21.34,CYP
Gabon,20.68,GAB
Nepal,19.64,NPL
Bosnia and Herzegovina,19.55,BIH
Honduras,19.37,HND
Brunei,17.43,BRN
Cambodia,16.9,KHM
Mozambique,16.59,MOZ
Botswana,16.3,BWA
Iceland,16.2,ISL
Georgia,16.13,GEO
Papua New Guinea,16.1,PNG
Senegal,15.88,SEN
Chad,15.84,TCD
Equatorial Guinea,15.4,GNQ
"Congo, Republic of the",14.11,COG
Jamaica,13.92,JAM
Zimbabwe,13.74,ZWE
Albania,13.4,ALB
Burkina Faso,13.38,BFA
Namibia,13.11,NAM
Mauritius,12.72,MUS
Mali,12.04,MLI
South Sudan,11.89,SSD
Nicaragua,11.85,NIC
Mongolia,11.73,MNG
Laos,11.71,LAO
Madagascar,11.19,MDG
New Caledonia,11.1,NCL
Macedonia,10.92,MKD
Armenia,10.88,ARM
Malta,10.57,MLT
Benin,9.24,BEN
Tajikistan,9.16,TJK
Haiti,8.92,HTI
"Bahamas, The",8.65,BHM
Niger,8.29,NER
Rwanda,8.0,RWA
Moldova,7.74,MDA
Kyrgyzstan,7.65,KGZ
French Polynesia,7.15,PYF
Guinea,6.77,GIN
West Bank,6.64,WBG
Monaco,6.06,MCO
Kosovo,5.99,KSV
Jersey,5.77,JEY
Curacao,5.6,CUW
Sierra Leone,5.41,SLE
Suriname,5.27,SUR
Bermuda,5.2,BMU
Liechtenstein,5.11,LIE
Virgin Islands,5.08,VGB
Togo,4.84,TGO
Andorra,4.8,AND
Montenegro,4.66,MNE
Guam,4.6,GUM
Timor-Leste,4.51,TLS
Malawi,4.41,MWI
Mauritania,4.29,MRT
Barbados,4.28,BRB
Fiji,4.17,FJI
Isle of Man,4.08,IMN
Eritrea,3.87,ERI
Swaziland,3.84,SWZ
Guyana,3.14,GUY
Burundi,3.04,BDI
Guernsey,2.74,GGY
Aruba,2.52,ABW
Lesotho,2.46,LSO
Maldives,2.41,MDV
Somalia,2.37,SOM
Faroe Islands,2.32,FRO
Cayman Islands,2.25,CYM
Greenland,2.16,GRL
Bhutan,2.09,BTN
Liberia,2.07,LBR
Cabo Verde,1.98,CPV
San Marino,1.86,SMR
Gibraltar,1.85,GIB
Central African Republic,1.73,CAF
Belize,1.67,BLZ
Djibouti,1.58,DJI
Seychelles,1.47,SYC
Saint Lucia,1.35,LCA
Antigua and Barbuda,1.24,ATG
Northern Mariana Islands,1.23,MNP
Solomon Islands,1.16,SLB
British Virgin Islands,1.1,VGB
Guinea-Bissau,1.04,GNB
"Gambia, The",0.92,GMB
Grenada,0.84,GRD
Samoa,0.83,WSM
Vanuatu,0.82,VUT
Saint Kitts and Nevis,0.81,KNA
American Samoa,0.75,ASM
Saint Vincent and the Grenadines,0.75,VCT
Comoros,0.72,COM
Palau,0.65,PLW
Saint Martin,0.56,MAF
Dominica,0.51,DMA
Tonga,0.49,TON
Sao Tome and Principe,0.36,STP
"Micronesia, Federated States of",0.34,FSM
Saint Pierre and Miquelon,0.22,SPM
Marshall Islands,0.18,MHL
Anguilla,0.18,AIA
Cook Islands,0.18,COK
Falkland Islands (Islas Malvinas),0.16,FLK
Kiribati,0.16,KIR
Tuvalu,0.04,TUV
Niue,0.01,NIU
